Date,Open,High,Low,Close,Volume,EMA20,MACD,MOM_6,RSI,ATR,past_avg,future_avg,mu,sigma,slope,label
2024-08-20,552.2713804695546,553.9405925603355,550.4737628114597,551.826904296875,33732300.0,538.25118029355,1.370939319738568,5.372546953484971,61.27617447458419,7.838514318489419,,,,,,2
2024-08-21,552.8837473869856,555.1949270256794,547.9057107172382,553.7232666015625,41514600.0,539.7247123228846,2.3836516438564104,8.271833712930516,62.475030673625305,7.799278746343114,,,,,,2
2024-08-22,555.6393508016043,556.251718701756,548.1525835356343,549.3773193359375,56121500.0,540.6440082288896,2.8032378521741066,9.670070092622382,58.040308926660614,7.82069706204158,,554.5858968098959,554.5858968098959,,,2
2024-08-23,552.6467308078585,556.162933530549,550.4342364891817,555.2147216796875,50639400.0,542.0316952242036,3.565689480389665,10.918346293768309,61.947486141507525,7.746762571510862,551.6424967447916,553.3249104817709,552.4837036132812,,1.6824137369792425,2
2024-08-26,556.2518484473743,556.9728488208845,552.1726501803229,553.8912353515625,35788600.0,543.1611752363331,4.016839972270645,11.706642082828807,60.57035449796251,7.536293719300199,552.7717692057291,552.5215861002604,552.6466776529948,,-0.25018310546875,1
2024-08-27,552.60719113133,555.1455824402227,551.4516012531584,554.6517333984375,32693900.0,544.2555141089144,4.3851960141244035,11.896745770449115,61.10541663670001,7.261842824140492,552.8277587890625,553.2195638020834,553.023661295573,2.1620524353276225,0.39180501302087123,2
2024-08-28,554.3059975373232,554.7405870539986,548.211857678712,551.4317626953125,41066000.0,544.9389663552381,4.366956549069755,11.903280738792887,57.5447944597089,7.209477577793787,554.5858968098959,551.1717529296875,552.8788248697917,2.214488354515563,-3.4141438802083712,1
2024-08-29,553.417172368574,556.7457104578034,550.3256722002859,551.4812622070312,38715200.0,545.562042150647,4.306849162294384,12.169405495331944,57.58571035501606,7.153089054916909,553.3249104817709,548.7354125976562,551.0301615397136,2.266373120281322,-4.589497884114621,1
2024-08-30,553.8714915129334,557.2592888149386,550.2861425309688,556.7456665039062,62700100.0,546.6271492319098,4.630628057736089,12.309694262007952,61.80203760385403,7.140235999849255,552.5215861002604,544.1031290690104,548.3123575846354,2.1134774209271137,-8.41845703125,1
2024-09-03,553.575070502701,553.9109143486305,542.7499389776847,545.288330078125,60600100.0,546.499642645835,3.9175547360656537,11.30728341917768,50.12362751892399,7.629913966018706,553.2195638020834,540.2445271809896,546.7320454915365,3.959754931653189,-12.97503662109375,1
2024-09-04,543.4314676890833,547.6094110613637,542.7005807930091,544.1722412109375,47224900.0,546.277985366321,3.225201828131503,9.87073168638517,49.149315202717474,7.43555084475699,551.1717529296875,538.7497965494791,544.9607747395833,5.003583909560848,-12.421956380208371,1
2024-09-05,544.1130986032705,546.9872739602764,540.3696836868822,542.8488159179688,44264300.0,545.9513977998113,2.5404332663151763,8.442630613064239,47.95886847869013,7.377125089659645,548.7354125976562,538.4797770182291,543.6075948079426,5.409217656207734,-10.255635579427121,1
2024-09-06,543.1746889776059,544.8142412787463,532.8038590526223,533.7125244140625,68493800.0,544.7857908106923,1.2461618997222104,5.656351750294903,40.64060761481603,7.708072027978525,544.1031290690104,543.1087849934896,543.60595703125,7.870980679612574,-0.9943440755207575,1
2024-09-09,537.9497514376588,540.9721049715934,536.0039549877774,539.6880493164062,40445800.0,544.3002916207603,0.6946104007297436,2.8303616967953076,46.40141169605645,7.676036922946548,540.2445271809896,547.2834879557291,543.7640075683594,7.6091295039601725,7.0389607747395075,2
2024-09-10,541.6140544233444,542.3943744160936,536.695337732338,542.0387573242188,36394600.0,544.0849074020421,0.4420882366069918,1.3272905651051587,48.518093562998494,7.534822620147195,538.7497965494791,551.6359659830729,545.192881266276,4.1777714630765805,12.88616943359375,2
2024-09-11,541.9499443030138,548.5279869391354,533.3174727969968,547.5995483398438,75248600.0,544.4196351104041,0.6828010581377839,0.3957194276347309,53.22404529882687,8.083086300289443,538.4797770182291,554.4081420898438,546.4439595540364,4.694584623092635,15.928365071614621,2
2024-09-12,548.1823330685932,552.5183422032788,545.9402390867614,552.212158203125,51892700.0,545.1617801668538,1.2315699979106967,1.1103668076278836,56.75523629946335,7.9755875014485875,543.1087849934896,555.7184855143229,549.4136352539062,6.390478950765443,12.609700520833258,2
2024-09-13,552.824497945327,556.1036627094621,552.5676868065235,555.09619140625,39310500.0,546.1079145706058,1.8775475139602804,3.7247464020430243,58.84711753668253,7.683867287512055,547.2834879557291,555.5176595052084,551.4005737304688,8.063234426942277,8.234171549479242,2
2024-09-16,554.8295724788571,556.182714178543,553.0122415656107,555.9160766601562,36656100.0,547.042025245801,2.4276626534679053,6.463823183142949,59.44767798344748,7.361481953613507,551.6359659830729,558.1975911458334,554.9167785644531,6.813166329478616,6.5616251627604925,2
2024-09-17,558.1481843152566,559.6100185283265,553.8912078231978,556.1431884765625,49321000.0,547.9088026963498,2.8491160540663714,9.302042407366912,59.623452932546265,7.2441482930074494,554.4081420898438,560.4768676757812,557.4425048828125,5.643214057880211,6.0687255859375,2
2024-09-18,556.8048930733479,561.6940105129354,553.9307182522333,554.4937133789062,59044900.0,548.5359370470694,3.0152639692058756,12.266880032607105,57.66835057287268,7.2812300049856375,555.7184855143229,563.7748819986979,559.7466837565104,3.249542433538191,8.056396484375,2
2024-09-19,563.9855314630629,565.8325221847023,561.0915831115941,563.9558715820312,75315500.0,550.0045022408754,3.8658908936333773,14.435694091312826,64.79910127287312,7.571057062186379,555.5176595052084,564.4571533203125,559.9874064127605,4.005161280261342,8.939493815104129,2
2024-09-20,562.5748463140295,564.0311870143781,559.9295598052497,562.9810180664062,77503100.0,551.2403608909259,4.410514660600711,14.913464340624841,63.6102406529167,7.323240644110811,558.1975911458334,565.0482584635416,561.6229248046875,4.2128930372011375,6.8506673177082575,2
2024-09-23,564.0608597882709,565.0416704048506,562.8323068106478,564.3877563476562,44116900.0,552.4924937915669,4.899170356180775,15.21162814124034,64.61900704143426,6.957963711974528,560.4768676757812,565.9168090820312,563.1968383789062,4.580604010243233,5.43994140625,2
2024-09-24,565.1902816302061,566.0621267861817,562.3369812050523,566.002685546875,46805700.0,553.7791787206438,5.355015519821677,15.323964010402847,65.79139578146399,6.727048131199873,563.7748819986979,565.9729410807291,564.8739115397135,4.7841971831638945,2.19805908203125,2
2024-09-25,565.8441701263542,566.5872158186719,563.6348064821314,564.7543334960938,38428600.0,554.8244315564009,5.5515497092804935,15.408773452306377,64.02527124537025,6.4574310744384915,564.4571533203125,567.2014567057291,565.8293050130208,4.170188947502937,2.7443033854166288,2
2024-09-26,569.054138596357,569.381095644281,564.6156981825178,566.993408203125,48336000.0,555.9833817132318,5.820879609739109,14.736302423368443,65.79868944223273,6.33657153067597,565.0482584635416,565.9861857096354,565.5172220865885,1.4448639733894117,0.93792724609375,3
2024-09-27,568.0733221030284,568.8955824862597,565.1308296402824,566.1710815429688,42100900.0,556.9536388398734,5.899959546214177,14.507069312660406,64.54032837583196,6.15287019605464,565.9168090820312,565.124267578125,565.5205383300781,1.4549568467076213,-0.79254150390625,1
2024-09-30,565.1308235636413,569.054126648712,562.8125548304923,568.4398803710938,63557400.0,558.0475666047515,6.075667556280564,13.754740153548937,66.44691602387823,6.159206026209284,565.9729410807291,563.1626383463541,564.5677897135416,1.4850340282030352,-2.810302734375,1
2024-10-01,568.083302774505,568.7371564677812,560.7518934079841,563.3475952148438,72668800.0,558.5523312342841,5.737869972713952,12.91965329925074,58.804447653848555,6.28963867146556,567.2014567057291,564.6024780273438,565.9019673665364,1.7630640009586704,-2.5989786783853788,1
2024-10-02,562.4460266108737,564.6157226242663,560.0286486802867,563.5853271484375,38097800.0,559.0316641784892,5.426789285446034,11.58375761476293,59.04129283438785,6.168026905216562,565.9861857096354,564.2524210611979,565.1193033854166,2.0081921139416448,-1.7337646484375,1
2024-10-03,562.0992361787922,564.5166141116738,560.2465802739564,562.5549926757812,40846500.0,559.3672192734693,5.0390294239792865,10.12976869023521,57.498366748707326,6.032455971823764,565.124267578125,566.0192057291666,565.5717366536458,2.353246228850615,0.8949381510416288,2
2024-10-04,567.0429509955953,568.0435956054741,562.8323584481524,567.6671142578125,42939100.0,560.1576854624544,5.085608696622103,9.25287990916786,62.70595228288598,5.993609325957273,563.1626383463541,567.3930257161459,565.27783203125,2.4701304251198954,4.2303873697917425,2
2024-10-07,566.0027030784669,566.6566172003112,561.3760218130078,562.53515625,49964700.0,560.3841112517445,4.654759810500991,8.45388205208269,55.37126143565257,6.0148581201606595,564.6024780273438,570.1439412434896,567.3732096354167,2.6513678066791924,5.541463216145871,2
2024-10-08,565.1308456591693,568.4597364990252,564.2491440127698,567.8553466796875,37398700.0,561.0956574829771,4.688557101401102,8.359769157744608,60.526066197397434,6.008409700793842,564.2524210611979,572.2607828776041,568.256601969401,2.491894493297155,8.00836181640625,2
2024-10-09,567.8454370265796,572.3532962392944,567.2411076686911,571.78857421875,37912200.0,562.1140305054316,4.975367351217869,9.318099386248491,63.85042142891441,5.94439390578023,566.0192057291666,574.6319173177084,570.3255615234375,3.7264729991726293,8.612711588541742,2
2024-10-10,570.4312554050144,572.2244699604879,569.1630950388911,570.7879028320312,44138100.0,562.9401135841554,5.063551255681091,10.436664936417742,62.410360713339344,5.738463978338555,567.3930257161459,575.8373209635416,571.6151733398438,3.947469455187884,8.444295247395758,2
2024-10-11,570.7085744196827,574.9489172202314,570.5698580546086,574.2058715820312,42268000.0,564.0130429172864,5.347595397289979,11.32857051066992,65.28996845702585,5.641363634573139,570.1439412434896,576.735595703125,573.4397684733074,4.070313785110591,6.591654459635379,2
2024-10-14,575.8306855964628,579.8431808838789,575.3452387315617,578.9019775390625,36217200.0,565.4310366907889,5.883813984612175,13.367046797143303,68.82377802607529,5.641074039378458,572.2607828776041,576.0850219726562,574.1729024251301,5.566456451278512,3.8242390950521212,2
2024-10-15,579.1695114121999,579.4766345691163,573.1755606726477,574.4041137695312,54203600.0,566.285615460193,5.8780723037812095,14.684098688546328,62.28325431853675,5.688216886313465,574.6319173177084,577.6734822591146,576.1526997884115,3.7705930052075227,3.04156494140625,2
2024-10-16,574.4041032535349,577.4258104780474,573.5916993280316,576.9006958007812,30725400.0,567.2965754926299,6.005744797887587,15.119570086100339,64.31064276712644,5.555780762292204,575.8373209635416,578.1127115885416,576.9750162760416,3.0452562374084846,2.275390625,2
2024-10-17,580.477244568032,580.6853191555525,576.7620156644388,576.9502563476562,34393700.0,568.215973669299,6.04128511697661,15.984724242251218,64.35160820765448,5.439175242922315,576.735595703125,578.4330444335938,577.5843200683594,2.8494930440763384,1.69744873046875,2
2024-10-18,578.6542969086659,579.9620646428958,577.1781224079018,579.1694946289062,37416800.0,569.2591661416425,6.17731679548524,16.417530777127922,66.22131771099973,5.2657918895164055,576.0850219726562,576.25341796875,576.1692199707031,2.1224217284057403,0.16839599609375,3
2024-10-21,578.4363148470578,579.427042498055,575.2164499813167,578.2183837890625,36439000.0,570.1124249652063,6.137625458996126,15.510352193623135,64.65616747618472,5.19042050574654,577.6734822591146,574.8036499023438,576.2385660807292,1.7595572026049593,-2.8698323567708712,1
2024-10-22,575.6622837872882,579.0803062430451,574.9985131991087,577.9112548828125,34183800.0,570.8551706716449,6.0120834967583505,14.71523773737124,64.12907425831763,5.111232829902958,578.1127115885416,573.3901977539062,575.7514546712239,1.6352322977645661,-4.722513834635379,1
2024-10-23,575.8703137198952,576.3161532176879,569.093710573397,572.630615234375,49314600.0,571.0242606300002,5.423963030209393,13.300753927872847,55.71847039987973,5.375969364153858,578.4330444335938,574.3281046549479,576.3805745442708,2.2854931670735246,-4.104939778645871,1
2024-10-24,574.6022083825129,574.681483526623,571.2238536713916,573.8690795898438,34979900.0,571.295195769033,5.000168219757256,11.14233009410691,57.13825897802103,5.23894511351654,576.25341796875,575.1636149088541,575.708516438802,2.6136871699507616,-1.0898030598958712,1
2024-10-25,576.1180270991449,579.0406856675128,572.7198386240539,573.6708984375,47268200.0,571.5214531660299,4.595343951897007,9.504592283886836,56.82428147021254,5.316223822798138,574.8036499023438,575.4839680989584,575.1438090006511,2.824579354897081,0.6803181966146212,2
2024-10-28,577.1781092588861,577.306908686012,575.1372127964802,575.4443359375,30174700.0,571.895061049027,4.367276147141524,8.205913870462723,58.995679197747535,5.1962085674919845,573.3901977539062,571.4583333333334,572.4242655436199,2.331654215103239,-1.9318644205728788,1
2024-10-29,574.4733698377371,577.5049938494554,573.0665535889564,576.3756103515625,42899700.0,572.3217800302209,4.2131107132310035,6.844508909760748,60.12963590430541,5.1420822598496345,574.3281046549479,567.9148152669271,571.1214599609375,1.9607657674286534,-6.4132893880207575,1
2024-10-30,575.900057964771,577.9112641336919,573.9186026507842,574.6319580078125,41435800.0,572.5417969804677,3.9052183975519483,6.701637363593591,56.95381099347732,5.0599807757823525,575.1636149088541,564.5463256835938,569.8549702962239,1.3404040799334511,-10.617289225260379,1
2024-10-31,570.2232506098582,570.2926088073559,563.1692740005201,563.367431640625,60182500.0,571.6680479004826,2.720893614978877,5.092725258522478,41.649455982807055,5.517316720890213,575.4839680989584,567.2080485026041,571.3460083007812,4.774016642322423,-8.275919596354242,1
2024-11-01,566.0224889002787,570.213247218257,565.328967499654,565.7450561523438,45667500.0,571.103953448279,1.951664545635822,3.083434610366453,45.008406186370294,5.612209496371773,571.4583333333334,573.8129069010416,572.6356201171875,5.5335367198134495,2.3545735677082575,2
2024-11-04,565.8837812272758,567.1915489107644,562.624309204199,564.5264892578125,38217000.0,570.4775282872821,1.2295433909384883,0.5806872182688494,43.622419077430216,5.537568797099888,567.9148152669271,582.3331705729166,575.1239929199219,6.062964449918433,14.418355305989508,2
2024-11-05,565.4478420282325,571.392207431428,565.2299109886702,571.3526000976562,39478300.0,570.5608684596987,1.1943001214517608,-1.1230408255468092,52.45485296893391,5.6324366097081455,564.5463256835938,589.4301147460938,576.9882202148438,5.53750834378273,24.8837890625,2
2024-11-06,583.7367263877744,586.441393442959,579.9620565705283,585.5596313476562,68182000.0,571.9893220680756,2.286402045683303,-0.24626110142799007,64.81126320465889,6.307890662250617,567.2080485026041,591.9795939127604,579.5938212076823,8.401951962301013,24.77154541015625,2
2024-11-07,587.5807707664578,591.1176757282863,587.5014956231886,590.0872802734375,47233200.0,573.7129371352529,3.477161563925165,3.465667392169621,67.69289360748378,6.2543302135634296,573.8129069010416,592.4056193033854,583.1092631022135,11.56282068010292,18.59271240234375,2
2024-11-08,590.6421432207285,594.0799999422925,590.6421432207285,592.6434326171875,46444900.0,575.5158414668657,4.574376626277854,7.547657796275757,69.22514252715357,6.092786603227112,582.3331705729166,592.0753580729166,587.2042643229166,12.593463993103096,9.7421875,2
2024-11-11,594.2483207362625,594.6049681604908,591.4643785924768,593.2080688476562,37586800.0,577.2008155031315,5.426930615152514,12.324914913580187,69.56848030661368,5.881915386426174,589.4301147460938,590.2887369791666,589.8594258626301,12.090075734330707,0.8586222330728788,2
2024-11-12,593.128820212274,593.7331495640901,588.8587864741817,591.3653564453125,43006100.0,578.5498194023869,5.8860436556490185,16.151750885140473,66.94360812314147,5.809947365246337,591.9795939127604,586.6065063476562,589.2930501302083,8.30750451988836,-5.373087565104129,1
2024-11-13,591.830972646838,593.6737115669744,589.4433456119366,591.6526489257812,47388600.0,579.7977079284245,6.201588102848632,17.10075478768124,67.15170228483828,5.697120121660011,592.4056193033854,583.6211140950521,588.0133666992188,2.7640444073551116,-8.784505208333258,1
2024-11-14,591.7814256378922,592.2668724936673,587.1547446119931,587.8482055664062,38904100.0,580.5644219891848,6.074647807993983,16.51342281928919,61.61977920942311,5.655334961661021,592.0753580729166,582.6138916015625,587.3446248372395,1.9388005573108833,-9.461466471354129,1
2024-11-15,584.2518239135525,584.7274142583682,578.4461749617711,580.3186645507812,75988800.0,580.5410165188606,5.30531925883588,13.89817172292851,52.4163811956685,5.922956079016314,590.2887369791666,584.1825561523438,587.2356465657551,4.873797701961576,-6.106180826822879,1
2024-11-18,580.7843146541127,584.0240133120835,579.912529982768,582.6964721679688,37084100.0,580.7462980092519,4.831792151221634,11.178310591542186,54.71655382078025,5.793565168323402,586.6065063476562,586.0054728190104,586.3059895833333,5.268901572097776,-0.6010335286458712,1
2024-11-19,579.2884042111006,585.5596668949097,578.6147166442283,584.8265380859375,49412000.0,581.1348923022696,4.575651759496054,8.755231632296727,56.73421644491328,5.875806959920399,583.6211140950521,587.7260335286459,585.673573811849,4.636833562555506,4.10491943359375,2
2024-11-20,584.9057757265481,585.3119474433167,579.2090919252475,585.024658203125,50032600.0,581.5053461975892,4.338632239606454,6.310955660336504,56.926454743266376,5.892024714073884,582.6138916015625,590.0476684570312,586.3307800292969,3.967062448675278,7.43377685546875,2
2024-11-21,587.8977668419427,589.6017892447042,582.0029256803672,588.1652221679688,46750300.0,582.1396200995301,4.354019402249037,4.930313076521088,59.96326556267682,6.013941774806961,584.1825561523438,592.3528035481771,588.2676798502605,3.005780745350089,8.170247395833371,2
2024-11-22,588.1553378190617,590.6223004102239,587.6501175222468,589.9882202148438,38226400.0,582.887105824798,4.461880762449141,5.7013756695313305,61.65331045266736,5.796673282890547,586.0054728190104,593.44921875,589.7273457845051,3.5207808158633456,7.443745930989621,2
2024-11-25,593.9611014741124,595.2886427548735,589.6811504715163,591.9895629882812,42441400.0,583.7540065070345,4.655191157495892,7.036157828646992,63.47610066280289,5.783160354352455,587.7260335286459,595.1070149739584,591.4165242513021,3.528447256750948,7.3809814453125,2
2024-11-26,593.2477448833076,595.7543150327024,592.5245330000025,595.0806274414062,45621300.0,584.8327323103081,5.000175199363184,8.730656570287238,66.1522473542042,5.6389883322145025,590.0476684570312,596.0911051432291,593.0693868001301,4.015309053636167,6.043436686197879,2
2024-11-27,594.8923567552214,595.2786945887843,591.7418500301525,593.2774658203125,34000200.0,585.6369926445942,5.069637835617868,10.309533865625099,63.24123275876183,5.488835205530028,592.3528035481771,597.7686971028646,595.0607503255209,3.6486070180338084,5.4158935546875,2
2024-11-29,594.0997341515284,597.7555217105382,593.8223618450431,596.9629516601562,30177400.0,586.7156554079811,5.360285348846446,11.629510901018193,66.48727589238425,5.416636683008292,593.44921875,599.4562174479166,596.4527180989583,3.240556145271283,6.006998697916629,2
2024-12-02,597.37898387929,598.7165024027554,596.8836200859798,598.0328979492188,31746000.0,587.7934880309562,5.612266604790193,12.767991608508169,67.3876587936457,5.160654228277383,595.1070149739584,600.4568481445312,597.7819315592449,3.0520095461937653,5.349833170572879,2
2024-12-03,597.7951044978051,598.5579235840632,596.7548526753004,598.3102416992188,26906600.0,588.7950836184098,5.767854650275467,13.17492842625245,67.63042908536882,4.920826848312058,596.0911051432291,601.7448120117188,598.9179585774739,2.6007970526999094,5.653706868489621,2
2024-12-04,600.0143670916415,602.273194597734,599.3406795733608,602.0255126953125,42787600.0,590.0551244828767,6.120398473061755,13.764366858252856,70.76953574960464,4.852407280469429,597.7686971028646,600.7607014973959,599.2646993001302,3.003536832137689,2.99200439453125,2
2024-12-05,602.0255176569135,602.8379215598571,600.6781426092477,601.0347900390625,28762200.0,591.1008069167992,6.247827883315267,14.73643749931216,68.85204939111316,4.660076685479426,599.4562174479166,599.4859822591146,599.4710998535156,3.1125376899672292,0.029764811197992458,2
2024-12-06,601.80756893048,603.4224597376833,601.3914802745837,602.1741333007812,31241500.0,592.1554094295593,6.367353204154483,15.35895854260616,69.8633225560084,4.497761900703811,600.4568481445312,599.3704223632812,599.9136352539062,2.258042242858219,-1.08642578125,1
2024-12-09,602.0552810191066,602.2236877862599,598.4787687569694,599.0731811523438,34742700.0,592.8142448317293,6.141066566712652,15.191854241234068,63.792675519252356,4.443987409888573,601.7448120117188,599.2548421223959,600.4998270670574,1.8662011541963741,-2.4899698893228788,1
2024-12-10,599.7568097134952,600.1828153588143,596.5468617112069,597.2106323242188,37234500.0,593.2329484024426,5.745213407878282,14.706325827772616,60.397945815062826,4.386270712582773,600.7607014973959,599.7204996744791,600.2406005859375,2.0683468515342285,-1.0402018229167425,1
2024-12-11,600.1630383800433,602.7884304302338,599.8856056065611,601.8274536132812,28677700.0,594.0514727082368,5.737892962815067,13.970221834258496,65.32384380858119,4.47137981211365,599.4859822591146,599.4992065429688,599.4925944010417,2.0006937827783213,0.013224283854128771,3
2024-12-12,600.9555775780522,601.5301560606846,598.7264404296875,598.7264404296875,31543800.0,594.4967077293275,5.419394206734637,12.844991841497631,59.931608152379866,4.373496481505086,599.3704223632812,599.4859822591146,599.428202311198,1.9696897990852338,0.11555989583337123,2
2024-12-13,600.777301060768,601.5005129311277,597.2205620137203,598.6076049804688,35904700.0,594.8882217532457,5.098618915204042,11.54510900161904,59.728136841663364,4.366814655498109,599.2548421223959,593.5647176106771,596.4097798665365,1.965818863078746,-5.69012451171875,1
2024-12-16,600.3809211894165,602.1444453296839,599.5982681600832,601.16357421875,43695200.0,595.485874369008,4.993090305062083,10.924155402048314,62.664210110487744,4.307530776477897,599.7204996744791,586.7319946289062,593.2262471516926,1.7307320146889738,-12.988505045572879,1
2024-12-17,598.5877190044964,599.5586127152293,597.2997852012516,598.686767578125,55773500.0,595.7907213413049,4.655929863618212,10.256338509075704,58.23363379354422,4.275834936550793,599.4992065429688,583.0496826171875,591.2744445800781,1.7539142571927693,-16.44952392578125,1
2024-12-18,598.3796413211339,600.7871021522338,580.4574127554304,580.8438110351562,108248700.0,594.3672060740527,2.915344040100649,7.680818041409793,37.60576140648978,5.422538826568841,599.4859822591146,586.4880167643229,592.9869995117188,7.865187909134676,-12.997965494791742,1
2024-12-19,585.8766419728512,587.5014497021764,580.4177233806457,580.6654052734375,85919500.0,593.0622726644704,1.5041821057534435,3.9403508436703305,37.4628692720638,5.541195076208972,593.5647176106771,592.1760457356771,592.8703816731771,9.623467144111952,-1.388671875,1
2024-12-20,578.3155242409914,592.2124929094322,577.4605847282822,587.6398315429688,125716700.0,592.5458497005178,0.9377937159482599,0.5336266582539793,46.08728075680294,6.199103155133325,586.7319946289062,595.5525512695312,591.1422729492188,9.392258934472531,8.820556640625,2
2024-12-23,587.3813894981963,591.7651768174416,584.170527544758,591.1588134765625,57635800.0,592.413751012522,0.7640715281431767,-2.725307287550436,49.84560098625244,6.298785020672628,583.0496826171875,595.6585693359375,589.3541259765625,8.694421749725288,12.60888671875,2
2024-12-24,592.5206168084125,597.7692934996265,591.9340935091342,597.7294921875,33160100.0,592.9200120768056,1.1434137393889614,-4.221415269332169,56.01178849257615,6.321048949414871,586.4880167643229,591.324462890625,588.9062398274739,7.890502082288027,4.836446126302121,3
2024-12-26,595.9402471287322,598.9025328618192,594.5286958920398,597.7693481445312,41219100.0,593.3818536070652,1.430768212129351,-3.4002112191299148,56.04708754504329,6.181962379440909,592.1760457356771,586.2679850260416,589.2220153808594,7.681938476640372,-5.9080607096354925,1
2024-12-27,593.9918131022456,594.2304389583717,587.2521039804407,591.4768676757812,64969300.0,593.2004263755143,1.137634178027156,-2.0859826392271543,49.318145356873494,6.491625364058743,595.5525512695312,582.8318481445312,589.1921997070312,6.4718639185119216,-12.720703125,1
2024-12-30,584.3991760465713,588.2262908200153,580.9397987194927,584.7271728515625,56578800.0,592.3934498494237,0.35656907498344026,-1.9079159545842685,43.31135514608769,6.780585620646584,595.6585693359375,584.0678100585938,589.8631896972656,5.265445226974362,-11.59075927734375,1
2024-12-31,586.4071285917476,587.1328351597793,580.949737539049,582.5999145507812,57052700.0,591.460732201934,-0.4291358026771377,-2.4287177377724447,41.59199729083582,6.737907906366852,591.324462890625,587.1427612304688,589.2336120605469,6.343882865571978,-4.18170166015625,1
2025-01-02,585.8902518139051,587.619910089809,577.0530255434378,581.16845703125,50204000.0,590.4805155190116,-1.1540164542235516,-4.668248163485032,40.428943456652334,7.011406237795732,586.2679850260416,588.4648640950521,587.3664245605469,7.475704931660263,2.1968790690104925,2
2025-01-03,584.041321201932,589.0811625401365,582.9478165136304,588.43505859375,37888500.0,590.2857100975581,-1.1291197864411515,-6.645413161065676,48.328120803579694,7.075784757159355,582.8318481445312,587.6497395833334,585.2407938639324,6.224248540471177,4.817891438802121,2
2025-01-06,592.7293985094617,596.139024063344,590.0752091491731,591.8247680664062,47679400.0,590.4322870469722,-0.8263422137338239,-6.272135547031326,51.55519942742733,7.120654808047543,584.0678100585938,582.7225138346354,583.3951619466145,4.547365894463576,-1.3452962239583712,1
2025-01-07,593.8725494454198,594.2006069194122,583.2957750504285,585.134765625,60393100.0,589.9277611972606,-1.1133817208844903,-5.649735609140862,45.51368554650377,7.390953169542983,587.1427612304688,580.3235066731771,583.733133951823,3.9086729427206386,-6.819254557291629,1
2025-01-08,585.2043978050098,587.0732394943316,581.7251802921057,585.9896850585938,47304700.0,589.5527063269114,-1.2573834116032003,-5.649649084079556,46.37844693753371,7.245032171877473,588.4648640950521,577.9046020507812,583.1847330729167,3.8830630053544652,-10.560262044270871,1
2025-01-10,582.4011000274055,582.470691654181,575.1146079458084,577.0430908203125,73105000.0,588.3613143739021,-2.0695645226377337,-6.261514394182541,39.34159989300078,7.5043210962280344,587.6497395833334,581.9769490559896,584.8133443196615,5.241004178487399,-5.67279052734375,1
2025-01-13,572.3511203282558,578.2955919136582,571.9335705869851,577.937744140625,47910100.0,587.3685933993042,-2.610935618008739,-8.23132138967253,40.31680439752072,7.422728255545541,582.7225138346354,585.3733317057291,584.0479227701823,5.837131460156009,2.65081787109375,2
2025-01-14,580.8900687914388,581.526283047168,574.9157463297618,578.7329711914062,48420600.0,586.5461531890282,-2.9418955933166444,-10.985561103405757,41.22138064152817,7.364714574249879,580.3235066731771,590.4728800455729,585.398193359375,5.837684328475493,10.149373372395758,2
2025-01-15,586.8246676759398,590.4132171193324,585.7013727042602,589.2601318359375,56900200.0,586.8046273458767,-2.3278953448538005,-11.09200755172344,51.66516980518969,7.672966813798188,577.9046020507812,593.8758748372396,585.8902384440105,5.0885426731321015,15.971272786458371,2
2025-01-16,590.6418375533192,590.8207614434976,587.4210861846398,588.1268920898438,43319700.0,586.9305573214926,-1.910713188682621,-10.048724391108635,50.62242768920227,7.367731702731023,581.9769490559896,598.7799072265625,590.3784281412761,5.542442884057308,16.80295817057288,2
2025-01-17,593.4153025943957,595.8010151082805,592.0732824246488,594.0316162109375,58070600.0,587.606848644297,-1.0910544391316535,-7.013875325759045,55.64560190267498,7.389616796710001,585.3733317057291,602.8124796549479,594.0929056803385,7.183466208816644,17.43914794921875,2
2025-01-21,597.1032436422324,599.4790665392256,595.1151195120758,599.4691162109375,42532900.0,588.7365884125485,-0.0026773055616331476,-2.688750050580893,59.71028799774377,7.250890620394154,590.4728800455729,604.4427286783854,597.4578043619791,8.445346402979645,13.9698486328125,2
2025-01-22,602.3220575789143,604.2107997343253,601.7653852603825,602.8389892578125,48196000.0,590.0796742073355,1.118892114001028,2.0529257841509434,62.032497034013055,7.071661542036557,593.8758748372396,602.1000773111979,597.9879760742188,8.670473137316016,8.224202473958258,2
2025-01-23,602.2027762737087,606.1293334960938,601.9244704502144,606.1293334960938,41152100.0,591.6082131872172,2.247341289487167,5.0637048220462475,64.20208545583928,6.866890220882474,598.7799072265625,600.3671061197916,599.573506673177,7.351433871889634,1.5871988932291288,2
2025-01-24,606.1889641125276,607.1532358314879,603.1968276944665,604.35986328125,34604700.0,592.8226560533155,2.9646888452851954,8.053389834378095,62.14543193511057,6.658998643463827,602.8124796549479,598.3259887695312,600.5692342122395,6.888693487652866,-4.486490885416629,1
2025-01-27,591.2781141094356,596.1291423298717,591.1091405297034,595.81103515625,70361100.0,593.1072635869283,2.810969856576662,8.201194121623871,53.26731577602201,7.129836079755455,604.4427286783854,600.2047526041666,602.323740641276,4.835830991185832,-4.23797607421875,1
2025-01-28,597.0535535930056,601.7753484093994,593.7035692823513,600.930419921875,44433300.0,593.8523260950185,3.0668848768511907,8.407860616218045,57.209649003219,7.197117725990644,602.1000773111979,599.3100992838541,600.705088297526,3.6923513832163697,-2.78997802734375,1
2025-01-29,600.1351431494525,600.5427425880405,595.661863690058,598.2365112304688,37177400.0,594.2698675364899,3.0175391438274346,7.557310593589023,54.59946700565106,7.059363333549669,600.3671061197916,597.971435546875,599.1692708333333,3.8642283270341284,-2.3956705729166288,1
2025-01-30,600.3737832488266,602.9980611492583,597.1529709966264,601.4473266601562,39281300.0,594.9534350720771,3.2006234711049046,6.77514259586053,57.11114036410356,6.972629534912684,598.3259887695312,596.8912150065104,597.6086018880208,3.800698102295084,-1.4347737630208712,1
2025-01-31,603.8927254049834,606.3381400117711,597.4810127290995,598.2464599609375,66671500.0,595.2670564900639,3.0522514726399095,6.017794522192844,53.90927804200654,7.107236516895466,600.2047526041666,597.6864420572916,598.9455973307291,3.0181043973723884,-2.518310546875,1
2025-02-03,589.1507669136772,596.7255152502233,586.9837188197341,594.2205200195312,65857200.0,595.1673863500131,2.5800645101675173,5.943783789802183,50.10438914130376,7.404058275774603,599.3100992838541,600.5195109049479,599.914805094401,2.811812449957695,1.20941162109375,2
2025-02-04,594.2801079680467,598.7235360264071,593.7333859975146,598.2066650390625,33457800.0,595.4568414632558,2.4986980937183034,5.75628531811401,53.59658724972517,7.231636258140172,597.971435546875,600.1848551432291,599.078145345052,2.573463189959669,2.2134195963541288,2
2025-02-05,597.0734426682163,600.7812746894733,595.0256772776311,600.6321411132812,30653100.0,595.9497271442106,2.5999595557686916,5.759374636687312,55.631473414966564,7.126204911976035,596.8912150065104,600.3936157226562,598.6424153645833,2.5205731653991466,3.5024007161458712,2
2025-02-06,602.3916690883134,602.8489594864907,599.051635066865,602.7197265625,35771500.0,596.5944889935714,2.8161973233439994,5.932009097087644,57.36445506752091,6.888427733951013,597.6864420572916,600.0589599609375,598.8727010091145,3.0387085184803677,2.3725179036458712,3
2025-02-07,603.2863528555321,604.518980132331,596.4869415034437,597.2026977539062,50788500.0,596.6524136374129,2.513416098697803,5.5896929907059985,51.625546635774256,6.970114226446456,600.5195109049479,600.9171549479166,600.7183329264323,2.9151572156321808,0.39764404296875,2
2025-02-10,600.4433453406357,601.904587470542,599.1609664310816,601.2584228515625,26048700.0,597.0910811816176,2.571085049016574,7.033839106314531,55.175705804376854,6.808098190031403,600.1848551432291,602.5341593424479,601.3595072428385,3.1078679130670577,2.34930419921875,2
2025-02-11,598.9721380280099,602.2624813268295,598.8528554234945,601.7157592773438,30056700.0,597.5315267145439,2.6234498383711298,7.411501701491261,55.57165896820501,6.565350169553092,600.3936157226562,603.9887898763021,602.1912027994792,2.138362937249009,3.5951741536458712,2
2025-02-12,595.6420111533067,600.9602190183091,594.9561058904112,599.7772827148438,45076100.0,597.745408238382,2.4799432115022455,7.03650888872653,53.41775930174919,6.579228970794481,600.0589599609375,606.6826985677084,603.370829264323,1.9171247438038057,6.623738606770871,2
2025-02-13,600.8906102579848,606.3182109084269,599.6182423802287,606.1094360351562,40921300.0,598.5419823142653,2.8443768232795037,6.998907278043816,59.00705150586225,6.587853224894744,600.9171549479166,607.7430419921875,604.330098470052,2.975442212875335,6.825887044270871,2
2025-02-14,606.3182160659691,607.3619690957353,605.4533869264999,606.0796508789062,26910400.0,599.2598555108979,3.095111158238524,7.839968819432897,58.97120807204329,6.253619578061932,602.5341593424479,607.9683634440104,605.2512613932291,3.524568233865787,5.4342041015625,2
2025-02-18,607.2526454845143,607.8590087890625,604.767490295972,607.8590087890625,26749000.0,600.0788224897707,3.3982265968857064,8.713779950550816,60.51430632807164,6.027755214849684,603.9887898763021,604.1412353515625,604.0650126139324,3.286085312200923,0.15244547526037877,3
2025-02-19,606.4574136362269,609.5886727994638,605.9404819368957,609.2904663085938,31011100.0,600.9561219010873,3.711174317077507,9.654476281543452,61.76030923837609,5.857786332543855,606.6826985677084,598.9323527018229,602.8075256347656,3.6585865804319133,-7.7503458658854925,1
2025-02-20,607.9087005473524,608.0478837995475,603.415581218095,606.755615234375,36554000.0,601.5084545994956,3.71185835042877,10.587170064816064,58.254658746258286,5.8590076723977775,607.7430419921875,593.5842895507812,600.6636657714844,3.2738910718125034,-14.15875244140625,1
2025-02-21,606.5369101497928,606.6760934066054,595.9103837703437,596.3776245117188,76519800.0,601.0198041149455,2.8422199901310705,9.744762093672989,46.59375140911989,6.215166514657312,607.9683634440104,591.7949625651041,599.8816630045573,4.591029731869319,-16.17340087890625,1
2025-02-24,598.4452543900395,599.4492667675623,592.948062133992,593.663818359375,50737200.0,600.3192340429864,1.9120034621880677,7.295247715894561,44.1073953495536,6.235597808865383,604.1412353515625,587.7656860351562,595.9534606933594,6.58945727449155,-16.37554931640625,1
2025-02-25,593.6041803376665,594.3397765506367,586.0592226451632,590.71142578125,58266500.0,599.4042046847258,0.9258936296507727,3.9494091954705937,41.51208017599726,6.381666101480243,598.9323527018229,587.7458089192709,593.3390808105469,8.119672857541376,-11.186543782552008,1
2025-02-26,592.3914043988187,596.0197552375269,588.3455644774521,591.0096435546875,43321600.0,598.6047226723412,0.16653841366758115,0.8602155977080201,41.884058874379384,6.473989291379853,593.5842895507812,584.1771443684896,588.8807169596355,8.093853128878472,-9.407145182291629,1
2025-02-27,593.3059087957712,594.469005075742,581.178400354161,581.5759887695312,74196700.0,596.9829384911212,-1.1828381448351593,-2.694199529596176,34.42538186428327,6.960890393537076,591.7949625651041,581.4633585611979,586.629160563151,8.246722850235734,-10.33160400390625,1
2025-02-28,582.0829842300604,591.1885661100836,578.9815154204292,590.6517944335938,88744100.0,596.3799723904043,-1.5025664708041404,-5.9560105904765805,44.63954087347215,7.335616128974024,587.7656860351562,577.7787068684896,582.772196451823,4.9871479708808515,-9.986979166666629,1
2025-03-03,592.6399338326904,593.7930798421835,576.456634439968,580.3036499023438,74249200.0,594.848894058208,-2.5614356179074775,-8.357013444801282,37.47247766183917,8.049961077062703,587.7458089192709,574.1139322916666,580.9298706054688,5.5860754434503646,-13.631876627604242,1
2025-03-04,576.2677446518286,581.9140099307576,568.8520197647429,573.4346313476562,109648200.0,592.8094404667269,-3.9097996991412174,-11.328205500638092,33.61445736890897,8.407963154844992,584.1771443684896,573.8024495442709,578.9897969563802,7.311972802025025,-10.37469482421875,1
2025-03-05,573.2656687004999,581.4070396387077,569.6771191196135,579.5978393554688,71230500.0,591.5511927418452,-4.430002261317895,-14.577529381324211,39.621129185593794,8.645245823719936,581.4633585611979,566.3536173502604,573.9084879557291,6.8517779650681785,-15.1097412109375,1
2025-03-06,572.0628369267654,576.7249905948024,566.7346786412188,569.309326171875,80094900.0,589.4329197351814,-5.607820109448539,-17.31608358030701,34.07789055430415,8.946525458757794,577.7787068684896,560.7901611328125,569.2844340006511,7.337742781982468,-16.98854573567712,1
2025-03-07,567.5100330091421,573.9614858286079,562.2713067344182,572.5001831054688,81158800.0,587.8202781513992,-6.212163795082574,-20.09203225550982,37.02077646480571,9.142500718431503,574.1139322916666,555.1406046549479,564.6272684733073,7.664693440096778,-18.97332763671875,1
2025-03-10,564.2197277241329,566.1581002592635,552.2909826575575,557.2513427734375,99326600.0,584.9089509725457,-7.83129025566916,-24.2511363535707,30.104298348537313,9.9329792705372,573.8024495442709,552.1053873697916,562.9539184570312,8.410974567818803,-21.697062174479242,1
2025-03-11,556.0783347089355,560.6708965233902,548.7421519304726,552.6189575195312,88102100.0,581.83371350083,-9.380126160934196,-27.133770689536732,28.370272647171504,10.075533936421513,566.3536173502604,554.388427734375,560.3710225423176,10.356830226801177,-11.965189615885379,1
2025-03-12,558.8319066604055,559.7663275163131,550.4022789715292,555.551513671875,69588200.0,579.3306468504533,-10.252769457340264,-29.816390938542668,31.076838274634852,10.024713551304544,560.7901611328125,557.1320393880209,558.9611002604167,10.852189147735686,-3.6581217447916288,1
2025-03-13,555.1737170498407,555.7900306808465,546.4160326198083,548.1456909179688,74079400.0,576.3606510473595,-11.410401553612814,-32.38516711081968,28.18088498952467,9.978233873428374,555.1406046549479,560.3130493164062,557.726826985677,9.609419450068238,5.172444661458371,2
2025-03-14,552.807850521361,560.4820413534102,548.2152885508418,559.4680786132812,62660300.0,574.7518346250664,-11.284134786637765,-33.643820235201474,37.734192171972204,10.146670770715021,552.1053873697916,561.7445068359375,556.9249471028645,8.29478256660007,9.639119466145871,2
2025-03-17,559.448191732102,566.3271452015323,559.0108019778189,563.7823486328125,49008700.0,573.7071216734232,-10.712455411676046,-32.04463475482737,40.95701185133679,9.94450451735776,554.388427734375,561.1944376627604,557.7914326985676,5.428989509718531,6.806009928385379,3
2025-03-18,561.4462437696595,561.6649689744013,555.7403372080155,557.688720703125,66041400.0,572.1815596762519,-10.62858057483868,-30.097267636246556,37.967810137632966,9.808612153603422,557.1320393880209,562.7374064127604,559.9347229003906,5.4498517893684575,5.6053670247395075,2
2025-03-19,559.4879962192153,567.5597757254244,558.2951095487034,563.762451171875,66556000.0,571.3797398186922,-9.95722913451209,-27.49408503697134,42.474441823545156,9.81307235851028,560.3130493164062,565.612548828125,562.9627990722656,5.864631859174583,5.29949951171875,2
2025-03-20,559.9849937730086,567.1819933351081,559.2592872162537,562.1321411132812,62958200.0,570.4990161324625,-9.44782206617242,-23.98659637668709,41.600794888067306,9.67804619853486,561.7445068359375,569.4897664388021,565.6171366373699,5.915349580498839,7.745259602864621,2
2025-03-21,557.6315290750271,563.2249787707245,556.3852134999472,562.317626953125,83763000.0,569.7198362106209,-8.926249885050652,-21.656943074306923,41.74760207643331,9.475311846552179,561.1944376627604,571.0219116210938,566.108174641927,2.4513935847999795,9.827473958333371,2
2025-03-24,569.117517223541,573.4547318251052,568.5193101051706,572.3878784179688,58766800.0,569.9739354684635,-7.612562163214875,-19.379580773631005,49.212313956144015,9.594011348368468,562.7374064127604,568.6954549153646,565.7164306640625,4.816466797185537,5.9580485026042425,3
2025-03-25,573.6042314829477,574.7109450377018,571.9989917299893,573.7637939453125,38355700.0,570.3348743710205,-6.386807157735461,-15.776367931923573,50.15221311990106,9.1024357740359,565.612548828125,562.1149088541666,563.8637288411458,6.341745828574924,-3.4976399739583712,1
2025-03-26,573.494584132638,574.631238497171,565.5181647693191,566.9140625,51848300.0,570.0090827642567,-5.900090990587273,-13.528422769443182,45.62536764294862,9.103195627879899,569.4897664388021,559.0572713216146,564.2735188802084,5.114704797495735,-10.4324951171875,1
2025-03-27,565.5081892015498,569.2172558810057,563.2748014981253,565.4085083007812,42164200.0,569.5709328153542,-5.571624345715463,-11.90263130469225,44.67095036419353,8.877428396094222,571.0219116210938,557.0265909830729,564.0242513020833,4.9557389256508335,-13.995320638020871,1
2025-03-28,563.8631197528184,564.600928853177,553.4339288758671,554.0221557617188,71662700.0,568.0900969054842,-6.159097412299957,-10.840002054344382,38.168079377443966,9.098653469581361,568.6954549153646,559.9712320963541,564.3333435058594,7.198070035905058,-8.724222819010492,1
2025-03-31,548.209331507722,559.0572663570716,545.2580345314915,557.7411499023438,95328200.0,567.104482905185,-6.2525072918555225,-13.18307832008827,41.179914204238905,9.434409066438418,562.1149088541666,552.4301961263021,557.2725524902344,7.8537877495229775,-9.684712727864508,1
2025-04-01,555.8068841455135,561.2806921988606,552.0479770454208,559.3164672851562,54609600.0,566.362767131849,-6.128771682145043,-15.230224667928496,42.458491279685376,9.420002358367087,559.0572713216146,533.9215901692709,546.4894307454427,7.192910045868869,-25.13568115234375,1
2025-04-02,553.4139605782862,565.747494747627,553.1746777226398,562.8560791015625,76014500.0,566.0287968432502,-5.679622080269382,-16.220680799926527,45.33384980661178,9.645203405982812,557.0265909830729,513.9340006510416,535.4802958170573,4.898768753528705,-43.09259033203125,1
2025-04-03,543.5032260055101,546.3547813001727,535.1180419921875,535.1180419921875,125986000.0,563.0849154288633,-7.47572011510033,-19.492256708658147,31.88681185012794,10.937548670510825,559.9712320963541,500.5668538411458,530.26904296875,10.854772323490996,-59.404378255208314,1
2025-04-04,522.1264277357504,524.3199552475792,503.57129666287966,503.7906494140625,217965100.0,557.4378424750728,-11.29677729830712,-25.787145171225802,23.43282044413668,12.409634146139183,552.4301961263021,514.970947265625,533.7005716959636,22.636484225105328,-37.45924886067712,1
2025-04-07,487.74808166979307,521.6279038372442,480.37984959166755,502.893310546875,256611400.0,552.2431251485777,-14.233327453491938,-32.92056542224793,23.242732401833322,14.469521296099,533.9215901692709,521.6844278971354,527.8030090332031,27.80795700641686,-12.237162272135492,1
2025-04-08,520.321766684984,523.432565399183,487.71817046987917,495.0166015625,165816600.0,546.7929800451418,-17.000181682621246,-40.13279377642732,21.587335001632738,15.987012269899342,513.9340006510416,534.13427734375,524.0341389973958,30.123580184259136,20.20027669270837,2
2025-04-09,491.98558084417215,547.0029296875,491.5967157695939,547.0029296875,241867300.0,546.8129752491759,-14.827153189117212,-45.622931484207015,47.9409562491213,18.802669530471253,500.5668538411458,530.9769287109375,515.7718912760416,27.76794251019951,30.410074869791686,3
2025-04-10,530.6013458963056,531.9274425958545,507.8187234468108,523.0337524414062,162331200.0,544.5482873627217,-14.86773870028685,-47.40088675131949,41.08475639534659,20.258493581201105,514.970947265625,535.3074544270834,525.1392008463542,20.57995079989484,20.33650716145837,2
2025-04-11,521.4683746979002,534.8488005902628,518.5370382681921,532.3661499023438,97866300.0,543.3880837950667,-13.985638791068254,-42.80714143823889,44.41777318615059,19.976584205548935,521.6844278971354,532.5555826822916,527.1200052897135,20.143081099284544,10.87115478515625,2
2025-04-14,542.4463448071801,542.6757082402244,532.2863784402284,537.5308837890625,68034000.0,542.8302552230663,-12.723152810932788,-33.96116528197672,46.230713487418186,19.291780319438008,534.13427734375,528.3314005533854,531.2328389485676,20.309399764642155,-5.802876790364621,1
2025-04-15,538.079255112781,541.6287592452915,535.2276998357879,536.0253295898438,56892900.0,542.1821670675213,-11.709133613773702,-25.809580304394217,45.76213006409492,18.371014540156978,530.9769287109375,520.4447224934896,525.7108256022136,18.146684016571257,-10.532206217447879,1
2025-04-16,530.1128095536914,536.3045268284891,518.7563681804631,524.1105346679688,83484800.0,540.4610592199449,-11.731704679695781,-22.390124313606066,42.12336325548898,18.312239119290474,535.3074544270834,520.9731852213541,528.1403198242188,8.986658520514919,-14.334269205729242,1
2025-04-17,526.0847532599682,529.604316656272,522.3657063534529,524.8583374023438,79741000.0,538.9750857135067,-11.556040143648147,-19.429502462182654,42.43275491403176,17.52126563239966,532.5555826822916,523.9676717122396,528.2616271972656,6.44284038718855,-8.587910970052008,1
2025-04-21,519.6238052831814,520.1622525299349,506.96125797993665,512.3652954101562,69368100.0,536.4408199703305,-12.283314410866296,-19.95093818274279,38.709766376410826,17.54810947454305,528.3314005533854,534.8721110026041,531.6017557779948,9.41973219827505,6.54071044921875,2
2025-04-22,518.6068942866489,527.7398682752878,517.6596822546041,525.6959228515625,75948100.0,535.4174964352097,-11.649723520502107,-21.35768475124587,44.32323780451035,17.392856859585084,520.4447224934896,542.6457926432291,531.5452575683594,9.174245715908002,22.201070149739508,2
2025-04-23,538.8370393033936,543.8223014706125,532.306358035387,533.841796875,90590700.0,535.2674298104279,-10.37074670685979,-20.32817795504309,47.48820274782236,17.445251270975437,520.9731852213541,547.7739664713541,534.3735758463541,8.399261279135255,26.80078125,2
2025-04-24,535.137968583152,545.8164223668259,533.8717533370633,545.07861328125,64150400.0,536.2018282362204,-8.35412998334391,-16.927633804194556,51.57735880977129,17.05449228675047,523.9676717122396,550.3097941080729,537.1387329101562,10.953139195639586,26.342122395833258,2
2025-04-25,545.0387382920208,549.4257324957449,542.0874411745963,549.0169677734375,61119600.0,537.4223177159554,-6.364785126701463,-12.315677283828904,52.95997163384329,16.360477932064622,534.8721110026041,551.60595703125,543.239034016927,13.71180603839256,16.73384602864587,2
2025-04-28,549.7647656303432,551.9183721484593,543.4135463851055,549.226318359375,47613800.0,538.5465082534239,-4.716948111061242,-5.15487818170584,53.03673507728383,15.799359920013847,542.6457926432291,554.1384684244791,548.3921305338541,14.806276695275377,11.49267578125,2
2025-04-29,547.2920086038646,553.8127702769649,546.9330843434874,552.6860961914062,47775100.0,539.8931356760888,-3.0961596465535877,0.507210960194584,54.362206077517335,15.162240349546964,547.7739664713541,558.2729085286459,553.0234375,10.539562473526841,10.498942057291742,2
2025-04-30,545.9560300157574,554.8796618213433,539.9238747243568,552.9054565429688,93101500.0,541.1324043300774,-1.7735284323953238,2.600655575078349,54.4499859748861,15.147493688649792,550.3097941080729,561.2540893554688,555.7819417317708,7.112885896300356,10.944295247395871,2
2025-05-01,558.7182765361568,562.4073827721945,556.2156651498251,556.8238525390625,63186100.0,542.6268279690283,-0.4044891574274061,6.252716552459788,56.075216350604485,14.744238870119505,551.60595703125,561.36376953125,556.48486328125,4.062526947015212,9.7578125,2
2025-05-02,563.0653709624233,566.7046364907385,560.7223222120272,565.0894165039062,60717300.0,544.7661221152072,1.3320907521494973,9.568659338076941,59.3685630174168,14.396849233087824,554.1384684244791,559.4992879231771,556.8188781738281,6.016361079418055,5.3608194986979925,3
2025-05-05,560.9117673476358,564.9797581165675,560.0443366413908,561.8489990234375,38659200.0,546.3930627731339,2.4189836942348393,12.542492437301462,57.54692086718093,13.728865706618366,558.2729085286459,560.0144449869791,559.1436767578125,6.047121892459477,1.7415364583332575,2
2025-05-06,556.2854623092777,561.6894695117311,555.3183506499339,557.1528930664062,48264700.0,547.4178085153503,2.8683530888207542,14.17453437408085,54.917044743266494,13.214707325681598,561.2540893554688,561.8556722005209,561.5548807779949,4.91926476210574,0.6015828450521212,2
2025-05-07,558.4989192920236,562.1580845152806,554.4009877287364,559.4959716796875,55588000.0,548.5681097690967,3.374647596876912,16.4867910767083,55.9975423055152,12.824878001457503,561.36376953125,569.1142171223959,565.238993326823,4.258093863719074,7.750447591145871,2
2025-05-08,563.5739323580718,568.6289957190513,560.0443884974118,563.3944702148438,65130800.0,549.9801440972631,4.043850896911863,17.45899965225408,57.80939292022169,12.561174147022239,559.4992879231771,576.3528238932291,567.9260559082031,3.3727612380338026,16.853535970052008,2
2025-05-09,564.8102205798259,565.8272334952061,561.1012148853195,562.6765747070312,37603400.0,551.18932796486,4.464803688089205,17.301527206649894,57.341161575000314,12.001520180083983,560.0144449869791,584.0799967447916,572.0472208658854,2.8572816726101404,24.0655517578125,2
2025-05-12,579.7560672258437,581.2815867067962,575.3391321114739,581.2716064453125,78993600.0,554.0543068677603,6.227093407443249,20.245797305504652,65.20300200326571,12.473198167204055,561.8556722005209,586.5626627604166,574.2091674804688,8.621576155650747,24.706990559895758,2
2025-05-13,581.6903470478828,587.343678293745,581.1220807001266,585.1102905273438,67947200.0,557.0120195972444,7.843060511401859,25.071652626575656,66.57258429636443,12.026655269090796,569.1142171223959,589.0087483723959,579.0614827473959,11.90145569144355,19.89453125,2
2025-05-14,586.0774155967079,587.2439499583633,583.8140869943453,585.8580932617188,66283500.0,559.7592647081467,9.079405776659769,30.06701036676509,66.84634251184507,11.412598675871306,576.3528238932291,591.4215901692709,583.88720703125,12.34180746529193,15.068766276041742,2
2025-05-15,583.8340232035316,589.2280501171933,583.3753571741278,588.7196044921875,71268100.0,562.5173923066268,10.172852042450018,33.870139881424734,67.92870792292382,11.015462552099468,584.0799967447916,592.2159016927084,588.14794921875,11.712313549371892,8.135904947916742,2
2025-05-16,589.5072306166389,592.7476509117832,587.5430666021017,592.4485473632812,76052100.0,565.3679785024987,11.211076302601555,38.29083944498336,69.33371522559901,10.600399820498186,586.5626627604166,588.4470418294271,587.5048522949219,10.488360415110792,1.8843790690104925,2
2025-05-19,586.3665146930052,593.784587269064,586.3665146930052,593.0966186523438,68168500.0,568.0088013739124,11.948436309510384,39.52864539063535,69.5831164463698,10.373090731609656,589.0087483723959,584.5386149088541,586.773681640625,4.56332702505729,-4.4701334635417425,1
2025-05-20,591.341882776371,592.2990142108393,587.8621184990102,591.1025390625,60614500.0,570.2082049633018,12.23090362616631,39.715352417151166,67.75713305728928,10.006048547447078,591.4215901692709,579.9721069335938,585.6968485514324,3.3842644480526354,-11.449483235677121,1
2025-05-21,586.7055374013049,590.8333490882792,580.1050551487234,581.1419677734375,95197700.0,571.2495157071241,11.518250923835694,38.93844456077568,59.37553338616302,10.076865359327757,592.2159016927084,582.7273152669271,587.4716084798177,4.568370769073923,-9.48858642578125,1
2025-05-22,580.942551785946,584.8909013825514,579.6962362276395,581.371337890625,70860400.0,572.2134987722194,10.8469400020266,36.91454826445931,59.49977486187269,9.728136773298056,588.4470418294271,584.2694091796875,586.3582255045574,5.419927426032391,-4.177632649739621,1
2025-05-23,574.2822361785879,580.0950688548037,573.9033513887334,577.4030151367188,76029000.0,572.7077384259812,9.880810940445485,32.43080135605578,56.29216377476077,9.566697468197592,584.5386149088541,587.9053344726562,586.2219746907551,6.88275790927907,3.3667195638021212,2
2025-05-27,584.3425491795706,589.5670943925401,576.725053693289,589.4075927734375,72588500.0,574.2982007447865,9.968900507771764,28.62895898818283,62.82167642023826,9.800650556129979,579.9721069335938,587.3203938802084,583.6462504069011,6.417479242828221,7.348286946614621,2
2025-05-28,589.8163475692377,591.0228029471133,585.2598105493923,585.9976196289062,68445500.0,575.4124311147027,9.652290197050206,25.81269710173899,60.07623050523873,9.512246401957904,582.7273152669271,588.9755045572916,585.8514099121094,5.315969761154493,6.2481892903645075,2
2025-05-29,591.3119286527991,591.4515306022613,584.342541704147,588.310791015625,69973300.0,576.6408463433619,9.478762569105811,24.28069880795431,61.31140376066446,9.340585151683358,584.2694091796875,590.98291015625,587.6261596679688,4.698752047762086,6.7135009765625,2
2025-05-30,587.194104951146,589.3876325602934,581.5208739520402,587.6527709960938,90601200.0,577.6896010721935,9.18229616310009,22.983977750085273,60.73575607779013,9.235311827152628,587.9053344726562,593.1564737955729,590.5309041341145,4.675438023544622,5.251139322916629,2
2025-06-02,586.0275300945058,591.0426720366128,583.3354764354921,590.9629516601562,61630500.0,578.9537296996185,9.109440357657945,23.242651902153057,62.636236457094334,9.126160668150348,587.3203938802084,593.2694702148438,590.2949320475261,4.814507739339598,5.949076334635379,2
2025-06-03,590.5940612123461,595.3200799781005,590.1054544048488,594.3330078125,63606200.0,580.4184228532263,9.217384700502407,23.53152806565197,64.51914963239261,8.846765304229011,588.9755045572916,594.2831420898438,591.6293233235676,2.9182576494131935,5.307637532552121,2
2025-06-04,595.2004551527299,596.1875273458553,593.7347563998676,594.1734619140625,57314200.0,581.7284265733059,9.184187749858324,23.232762374917115,64.35380613969704,8.39005142149749,590.98291015625,595.5294596354166,593.2561848958333,3.4974525702363364,4.546549479166629,2
2025-06-05,595.8684581600321,597.2344151426059,589.3078360260068,591.3019409179688,92278700.0,582.6401898442261,8.824448432715371,22.374030905848485,61.308505072093,8.356946256861892,593.1564737955729,598.8629353841146,596.0097045898438,2.8148929110446432,5.7064615885417425,2
2025-06-06,596.8953968767723,599.0590445233215,595.1007146259882,597.3740234375,66588700.0,584.0434120912046,8.926420525597791,22.608130638081548,65.07238124352872,8.314100353182669,593.2694702148438,599.6007486979166,596.4351094563801,3.3794618912055148,6.331278483072879,2
2025-06-09,597.9522747414663,599.477794222525,596.7259196839311,597.9124145507812,53016400.0,585.3642694683072,8.947536179763347,22.304213602155073,65.39383477058692,7.916798509283466,594.2831420898438,600.9534098307291,597.6182759602864,2.9199121025706654,6.670267740885379,2
2025-06-10,598.4507520987654,601.6911723434343,597.3241388928317,601.3023681640625,66247000.0,586.8821836298076,9.132537209245925,21.404135982981416,67.42662485886463,7.663243862234837,595.5294596354166,598.9327189127604,597.2310892740885,3.516274863398059,3.40325927734375,3
2025-06-11,602.4091389302424,603.2765697174132,597.5036577794746,599.5874633789062,73658200.0,588.0922102725789,9.036605016329531,20.656819064114075,65.33578341295339,7.528220153356535,598.8629353841146,599.3714192708334,599.117177327474,3.650060416767678,0.50848388671875,2
2025-06-12,598.2414316391353,601.9703979492188,597.7528856906831,601.9703979492188,64129000.0,589.413942432259,9.048554859211094,20.209700135713547,66.87297806101577,7.291741018012185,599.6007486979166,597.3042195638021,598.4524841308594,3.8497663382985365,-2.2965291341145075,1
2025-06-13,596.73587404184,600.0759753105004,593.7247562563699,595.2402954101562,89506000.0,589.9688331920587,8.417925560811796,18.66956858487356,58.925247488862425,7.3598767805005165,600.9534098307291,597.4504597981771,599.2019348144531,2.5443530063841417,-3.5029500325520075,1
2025-06-16,598.6303165073551,602.6683667667999,598.4507935133779,600.903564453125,79984100.0,591.0102361693031,8.279682751410178,17.605418490677835,62.918941533522364,7.364747821653594,598.9327189127604,595.2426147460938,597.087666829427,2.529560786431645,-3.6901041666666288,1
2025-06-17,598.4408921774705,599.9763310919831,595.0010489432416,595.768798828125,82209400.0,591.4634326130004,7.667406565965507,15.815867643885781,57.46349863884,7.260302656527153,599.3714192708334,596.7030232747396,598.0372212727865,2.917852437901682,-2.66839599609375,1
2025-06-18,596.6760685598517,599.4478427165867,594.711843595377,595.6790161132812,76605000.0,591.8649167558842,7.09316299537636,13.692693675889586,57.36983113014557,7.079995261147336,597.3042195638021,600.4033610026041,598.8537902832031,2.982473530345068,3.0991414388020075,2
2025-06-20,598.3800048828125,599.4600219726562,592.8599853515625,594.280029296875,94051400.0,592.0949274740739,6.45082320975564,11.868587229583,55.842383175927864,7.045712501143508,597.4504597981771,604.683349609375,601.0669047037761,3.25983957200987,7.232889811197879,2
2025-06-23,595.0399780273438,600.5399780273438,591.8900146484375,600.1500244140625,87426000.0,592.8620795635966,6.34231360689671,10.775586370282781,60.58436786267147,7.1603018495551325,595.2426147460938,608.5900065104166,601.9163106282551,2.7898403604740643,13.347391764322879,2
2025-06-24,604.3300170898438,607.8499755859375,603.4099731445312,606.780029296875,67735300.0,594.1875985858136,6.713911161042006,10.521490892186762,65.13808965354175,7.198848229720838,596.7030232747396,611.2999877929688,604.0015055338542,4.673128192766117,14.596964518229129,2
2025-06-25,607.9099731445312,608.6099853515625,605.5399780273438,607.1199951171875,62114800.0,595.4192553983254,6.955656818348302,11.010188296889623,65.35909021567969,6.903931022184975,600.4033610026041,614.8766479492188,607.6400044759114,5.761413769131602,14.473286946614621,2
2025-06-26,608.989990234375,612.3099975585938,608.3699951171875,611.8699951171875,78548400.0,596.9859925144075,7.444709321156893,12.131028926921772,68.37561769118037,6.781507552129352,604.683349609375,616.8033243815104,610.7433369954426,7.027761226394026,12.119974772135379,2
2025-06-27,612.8800048828125,616.3900146484375,610.8300170898438,614.9099731445312,86258400.0,598.693038288705,7.985535491394444,14.171815963595463,70.1661758807403,6.694256838305381,608.5900065104166,618.6500040690104,613.6200052897135,7.578327303712387,10.05999755859375,2
2025-06-30,617.3800048828125,619.219970703125,615.0399780273438,617.8499755859375,92502500.0,600.5175085074891,8.552786554668387,16.776407152153297,71.8274975973174,6.523952604040264,611.2999877929688,,611.2999877929688,6.397203920352785,,2
2025-07-01,616.3599853515625,618.8300170898438,615.52001953125,617.6500244140625,70030100.0,602.1491766890675,8.88379585201642,17.942337738233164,71.5357355416865,6.294384386508369,614.8766479492188,,614.8766479492188,4.955407562310403,,2
2025-07-02,617.239990234375,620.47998046875,616.6099853515625,620.4500122070312,59452854.0,603.892113405064,9.265254631406037,19.22715847022016,73.17872351529368,6.121213724414021,616.8033243815104,,616.8033243815104,4.832046862887012,,2
